{
  "features": {
    "age": 0.0380759064,
    "sex": 0.0506801187,
    "bmi": 0.0616962065,
    "bp": 0.0218723550,
    "s1": -0.0442234984,
    "s2": -0.0348207628,
    "s3": -0.0434008457,
    "s4": -0.0025945987,
    "s5": 0.0199084209,
    "s6": -0.0176461252
  }
}
